test,prob_id,dim,fdim,case,transformed,optimum answer,optimum utility,Worst answer,Worst Utility,tau,alpha,beta,lambd,ideal,nadir,w,sig_25,sig_50,sig_75,gam_25,gam_50,gam_75,utility,Mode,NoOfInteractions,vf,f,x,algo,sigma,gamma,q,s,g,time
1,1,6,2,1,TRUE,[0.125 0.375],0.102294063,[0.375 0.125],0.897632512,[0.60163664 0.63075079],[20. 21.],[ 8. 10.],[0.10240226 0.22874123],[0.125 0.125],[0.375 0.375],[0.89768728 0.10231272],0.0005,0.0005,0.000168342,0.003743719,0.003743719,0.003743719,tst,,,,,,,,,,,,
2,1,6,2,2,TRUE,[0.15075421 0.34924579],0.010083122,[0.375 0.125],0.903792124,[0.60039469 0.89977552],[18. 19.],[8. 8.],[0.60048951 0.89993628],[0.125 0.125],[0.375 0.375],[0.90438859 0.09561141],0.000482412,0.000482412,0.00028392,0.004874372,0.004874372,0.003517588,tst,,,,,,,,,,,,
3,1,6,2,3,TRUE,[0.125 0.375],0.312787627,[0.2227532 0.2772468],0.997013708,[0.14204072 0.38358044],[21. 16.],[10. 12.],[0.23269032 0.12267201],[0.125 0.125],[0.375 0.375],[0.68720992 0.31279008],0.0005,0.0005,0.00020603,0.004899497,0.004899497,0.002160804,tst,,,,,,,,,,,,
4,1,6,2,4,TRUE,[0.125 0.375],0.142614401,[0.26607352 0.23392648],0.937811285,[0.35770269 0.35730397],[18. 18.],[10. 10.],[0.89946317 0.60416636],[0.125 0.125],[0.375 0.375],[0.85738441 0.14261559],0.0005,0.000394472,0.000155779,0.002738693,0.002738693,0.002738693,tst,,,,,,,,,,,,
5,1,6,2,1,-,[0.125 0.375],0.115882578,[0.375 0.125],0.347647735,[0.60039469 0.89977552],[18. 19.],[8. 8.],[0.60048951 0.89993628],[0.125 0.125],[0.375 0.375],[0.92706063 0.07293937],0.0005,0.0005,0.0005,0,0,0,tch,,,,,,,,,,,,
6,1,14,10,1,TRUE,"[1.55643034e-04 6.17195512e-05 5.34060166e-04 2.52962672e-04
 3.01229161e-03 1.20500311e-02 5.47747356e-03 6.16287708e-02
 2.49518858e-01 1.67314541e-01]",0.000193403,"[0.00709671 0.00515195 0.03650095 0.04590552 0.03286835 0.04530434
 0.05818954 0.08168964 0.10481016 0.14137116]",0.216425642,"[0.73470579 0.68123149 0.62524438 0.62101543 0.61125405 0.65310405
 0.69755839 0.88080622 0.87170639 0.7619016 ]",[20. 16. 17. 18. 18. 21. 19. 19. 18. 21.],[ 8.  8. 11.  8.  8. 13.  8. 14. 14. 13.],"[0.32514961 0.1335291  0.37781601 0.14924244 0.37420174 0.31017447
 0.1431783  0.35165868 0.370547   0.1579091 ]","[1.90734863e-06 1.90734863e-06 7.62939453e-06 3.05175781e-05
 1.22070312e-04 4.88281250e-04 1.95312500e-03 7.81250000e-03
 3.12500000e-02 1.25000000e-01]","[0.03754234 0.03754234 0.05247946 0.07298514 0.10678439 0.16602522
 0.25023517 0.35748608 0.52621861 0.75677348]","[0.02954112 0.16762232 0.11844404 0.16446877 0.07140637 0.03863032
 0.1444021  0.11558654 0.00378358 0.14611485]",0.0005,0.000482412,0.000168342,0.004974874,0.004974874,0.003944724,tst,,,,,,,,,,,,
7,1,14,10,2,TRUE,"[1.42832329e-04 4.76107763e-05 6.34810351e-05 7.61772421e-04
 3.04708968e-03 1.21883587e-02 5.51831521e-03 6.53083806e-02
 2.54742903e-01 1.58260841e-01]",5.44E-05,"[2.39577794e-04 7.08223664e-04 2.82168022e-03 1.06831354e-02
 4.32473524e-02 2.24563452e-02 2.39962281e-01 1.42072313e-01
 1.77057526e-01 2.18499673e-01]",0.160868735,"[0.60756206 0.84118982 0.64254359 0.74427431 0.64264709 0.72854087
 0.64480249 0.73189345 0.87765867 0.88002203]",[20. 22. 17. 19. 16. 19. 21. 20. 22. 21.],[12.  9. 10. 11. 14. 12.  8. 13. 11. 10.],"[0.63210897 0.78421063 0.62556043 0.70368311 0.77354476 0.80286689
 0.61981294 0.7763487  0.87345094 0.8923817 ]","[1.90734863e-06 1.90734863e-06 7.62939453e-06 3.05175781e-05
 1.22070312e-04 4.88281250e-04 1.95312500e-03 7.81250000e-03
 3.12500000e-02 1.25000000e-01]","[0.03754234 0.03754234 0.05247946 0.07298514 0.10678439 0.16602522
 0.25023517 0.35748608 0.52621861 0.75677348]","[0.13799712 0.08349461 0.1436572  0.13453875 0.14981216 0.01728898
 0.16013138 0.019362   0.00431922 0.14939857]",0.000449749,0.000115578,3.77E-05,0.005,0.005,0.00361809,tst,,,,,,,,,,,,
8,1,14,10,3,TRUE,"[1.42832329e-04 4.76107763e-05 6.34810351e-05 7.61772421e-04
 3.04708968e-03 1.21883587e-02 5.51831521e-03 6.53083806e-02
 2.54742903e-01 1.58260841e-01]",0.02145046,"[0.01966515 0.00677421 0.00961535 0.02903835 0.04136415 0.07372317
 0.06334795 0.08288436 0.12853713 0.16395793]",0.86896907,"[0.33756989 0.11735258 0.17435663 0.37257476 0.35235992 0.37389811
 0.10018483 0.3899239  0.24944169 0.23534409]",[17. 22. 21. 17. 16. 19. 20. 21. 21. 17.],[10.  9.  9. 12. 14. 14. 10.  9. 13. 10.],"[0.3449807  0.31368226 0.2117091  0.25234216 0.145016   0.23486449
 0.20629535 0.32722884 0.30966371 0.2115964 ]","[1.90734863e-06 1.90734863e-06 7.62939453e-06 3.05175781e-05
 1.22070312e-04 4.88281250e-04 1.95312500e-03 7.81250000e-03
 3.12500000e-02 1.25000000e-01]","[0.03754234 0.03754234 0.05247946 0.07298514 0.10678439 0.16602522
 0.25023517 0.35748608 0.52621861 0.75677348]","[0.19586452 0.07528007 0.16579819 0.07114462 0.1912277  0.07864745
 0.18266319 0.00809308 0.00541936 0.02586181]",0.000494975,0.000494975,0.000494975,0.004321608,0.004321608,0.004020101,tst,,,,,,,,,,,,
9,1,14,10,4,TRUE,"[5.88822892e-05 2.00667443e-05 2.63244309e-05 3.13203427e-04
 1.25482641e-03 4.18607169e-03 1.95312500e-03 2.34375000e-02
 9.37500000e-02 3.75000000e-01]",0.010759863,"[0.0128067  0.00910123 0.02140469 0.0386957  0.04725253 0.04426816
 0.0604719  0.12700579 0.12049    0.16520801]",0.771614294,"[0.26376949 0.14532762 0.1576098  0.38804719 0.37348734 0.30707312
 0.10372711 0.23956254 0.11225128 0.3787907 ]",[20. 20. 17. 20. 19. 21. 21. 22. 16. 16.],[ 9.  8. 14. 13. 10. 12. 12. 10. 13. 13.],"[0.76868997 0.78523826 0.60475881 0.73645494 0.71453787 0.84088844
 0.6186812  0.8998917  0.76145705 0.89836484]","[1.90734863e-06 1.90734863e-06 7.62939453e-06 3.05175781e-05
 1.22070312e-04 4.88281250e-04 1.95312500e-03 7.81250000e-03
 3.12500000e-02 1.25000000e-01]","[0.03754234 0.03754234 0.05247946 0.07298514 0.10678439 0.16602522
 0.25023517 0.35748608 0.52621861 0.75677348]","[0.14541595 0.14011709 0.14917931 0.09625709 0.03886488 0.0924128
 0.14445268 0.13732806 0.01866983 0.03730229]",0.0005,0.0005,0.0005,0.004974874,0.004974874,0.004974874,tst,,,,,,,,,,,,
10,1,14,10,1,-,"[1.02328967e-05 2.73765495e-05 9.68159634e-05 3.61403321e-04
 1.16028772e-03 4.44264023e-03 1.81803317e-02 7.26886959e-02
 2.78032216e-01 1.25000000e-01]",0.0397,"[1.57805860e-04 1.88640774e-04 1.02485177e-03 3.99248421e-03
 2.24338731e-03 3.66468334e-03 3.34405964e-02 2.04625488e-02
 1.88306493e-01 7.56773482e-01]",0.240351258,"[0.60756206 0.84118982 0.64254359 0.74427431 0.64264709 0.72854087
 0.64480249 0.73189345 0.87765867 0.88002203]",[20. 22. 17. 19. 16. 19. 21. 20. 22. 21.],[12.  9. 10. 11. 14. 12.  8. 13. 11. 10.],"[0.63210897 0.78421063 0.62556043 0.70368311 0.77354476 0.80286689
 0.61981294 0.7763487  0.87345094 0.8923817 ]","[1.90734863e-06 1.90734863e-06 7.62939453e-06 3.05175781e-05
 1.22070312e-04 4.88281250e-04 1.95312500e-03 7.81250000e-03
 3.12500000e-02 1.25000000e-01]","[0.03754234 0.03754234 0.05247946 0.07298514 0.10678439 0.16602522
 0.25023517 0.35748608 0.52621861 0.75677348]","[0.06294445 0.14351384 0.21479382 0.03113232 0.05681015 0.00557441
 0.01440799 0.06910763 0.08411538 0.3176    ]",0.000494975,0.000198492,7.29E-05,0.004020101,0.004020101,0.004020101,tch,,,,,,,,,,,,
11,2,11,2,1,TRUE,[0.38268343 0.92387953],0.365997607,[0.79498815 0.60665388],0.636362068,[0.620411   0.63660613],[19. 21.],[10. 12.],[0.14818845 0.20425139],[0.38268343 0.38268343],[0.92387953 0.92387953],[0.63393499 0.36606501],0.00048995,0.000153266,3.27E-05,0.004874372,0.004874372,0.004874372,tst,,,,,,,,,,,,
12,2,11,2,2,TRUE,[0.38268343 0.92387953],0.106242072,[0.92387953 0.38268343],0.893270947,[0.60993936 0.61428212],[20. 21.],[ 8. 12.],[0.7099123  0.67820025],[0.38268343 0.38268343],[0.92387953 0.92387953],[0.89371727 0.10628273],0.0005,0.0005,0.000168342,0.002361809,0.002361809,0.002361809,tst,,,,,,,,,,,,
13,2,11,2,3,TRUE,[0.38268343 0.92387953],0.462678631,[0.75249398 0.65859913],0.999562921,[0.34260286 0.16647193],[21. 20.],[8. 8.],[0.26507239 0.26086801],[0.38268343 0.38268343],[0.92387953 0.92387953],[0.53732136 0.46267864],0.000482412,0.000482412,0.000145729,0.004773869,0.004773869,0.004773869,tst,,,,,,,,,,,,
14,2,11,2,4,TRUE,[0.38268343 0.92387953],0.126090844,[0.76694522 0.64175369],0.997668705,[0.29864268 0.1839625 ],[17. 17.],[ 8. 10.],[0.86753479 0.84252958],[0.38268343 0.38268343],[0.92387953 0.92387953],[0.87390902 0.12609098],0.0005,0.0005,0.000298995,0.004673367,0.004673367,0.004673367,tst,,,,,,,,,,,,
15,2,11,2,1,-,[0.38268343 0.92387953],0.316983718,[0.92387953 0.38268343],0.765266391,[0.60993936 0.61428212],[20. 21.],[ 8. 12.],[0.7099123  0.67820025],[0.38268343 0.38268343],[0.92387953 0.92387953],[0.82831837 0.17168163],0.0005,0.0005,0.0005,0,0,0,tch,,,,,,,,,,,,
16,2,19,10,1,TRUE,"[0.00295002 0.00552842 0.01211514 0.0074902  0.03678103 0.07019642
 0.19179146 0.40151615 0.80562502 0.38268343]",0.000341152,"[0.15974675 0.38460529 0.17275227 0.48903793 0.27849487 0.30050196
 0.32361753 0.35039479 0.38300635 0.41209876]",0.295310645,"[0.87739239 0.65247301 0.72401898 0.66075812 0.81828441 0.84245529
 0.8252597  0.76428709 0.89225376 0.77459896]",[21. 22. 17. 21. 22. 16. 19. 17. 19. 22.],[11. 12. 10. 13. 10.  9. 12. 14. 14.  8.],"[0.10568535 0.25230965 0.37977612 0.13747621 0.1232119  0.15922714
 0.11835711 0.22905115 0.13984513 0.18097579]","[1.76017945e-04 1.76017945e-04 4.59957055e-04 1.20192571e-03
 3.14078323e-03 8.20726210e-03 2.14466094e-02 5.60426911e-02
 1.46446609e-01 3.82683432e-01]","[0.49038607 0.49038606 0.5979261  0.70041464 0.8366908  0.96701824
 1.10996535 1.18985427 1.28280863 1.3869463 ]","[0.08177967 0.16204055 0.06981444 0.15747661 0.146956   0.05612798
 0.04942055 0.11267307 0.02333991 0.14037122]",0.0005,0.000273869,9.30E-05,0.004974874,0.004974874,0.003668342,tst,,,,,,,,,,,,
17,2,19,10,2,TRUE,"[0.00110472 0.00211249 0.00571953 0.01428031 0.03755914 0.0900781
 0.12507874 0.31557653 0.85355321 0.38268343]",9.26E-05,"[0.14865414 0.19984848 0.5979261  0.27292619 0.29163637 0.32249739
 0.36071838 0.37792002 0.44824726 0.45471765]",0.244830416,"[0.78597281 0.7859706  0.74428903 0.85901648 0.81164199 0.84699289
 0.65976235 0.79384654 0.87638355 0.70673904]",[21. 16. 16. 19. 18. 17. 20. 22. 21. 21.],[ 8. 14. 11. 12. 13. 12. 10.  9. 13.  8.],"[0.80533087 0.78651615 0.81238826 0.81452567 0.67308432 0.74294458
 0.82588369 0.63641414 0.87342486 0.70514618]","[1.76017945e-04 1.76017945e-04 4.59957055e-04 1.20192571e-03
 3.14078323e-03 8.20726210e-03 2.14466094e-02 5.60426911e-02
 1.46446609e-01 3.82683432e-01]","[0.49038607 0.49038606 0.5979261  0.70041464 0.8366908  0.96701824
 1.10996535 1.18985427 1.28280863 1.3869463 ]","[0.16965502 0.0234847  0.24795096 0.06797551 0.10165175 0.1744712
 0.03238263 0.02920283 0.00793534 0.14529006]",0.000361809,9.05E-05,2.76E-05,0.005,0.005,0.002286432,tst,,,,,,,,,,,,
18,2,19,10,3,TRUE,"[0.00369524 0.00569501 0.00323063 0.01768467 0.04638414 0.10956619
 0.06209905 0.32729179 0.85325944 0.38268343]",0.111678299,"[0.12907617 0.3030589  0.27261323 0.27195511 0.46528652 0.39566287
 0.33164594 0.61307952 0.53565603 0.62730451]",0.96948051,"[0.12593993 0.13562883 0.1589596  0.18118504 0.38053425 0.26248774
 0.10440867 0.37263334 0.28133142 0.14632563]",[22. 17. 19. 21. 22. 19. 21. 17. 21. 21.],[11. 11.  9.  8.  9. 13. 12.  8. 11. 10.],"[0.35196508 0.11813844 0.34329224 0.2734496  0.13907161 0.23262761
 0.13751494 0.38546017 0.25960191 0.3210519 ]","[1.76017945e-04 1.76017945e-04 4.59957055e-04 1.20192571e-03
 3.14078323e-03 8.20726210e-03 2.14466094e-02 5.60426911e-02
 1.46446609e-01 3.82683432e-01]","[0.49038607 0.49038606 0.5979261  0.70041464 0.8366908  0.96701824
 1.10996535 1.18985427 1.28280863 1.3869463 ]","[0.11513629 0.04046048 0.1603819  0.03276909 0.14554588 0.09254187
 0.08506207 0.15435894 0.05509171 0.11865178]",0.0005,0.0005,0.0005,0.004371859,0.004371859,0.002386935,tst,,,,,,,,,,,,
19,2,19,10,4,TRUE,"[0.00394093 0.00663235 0.01797973 0.04713051 0.0977176  0.06169073
 0.29966877 0.13876163 0.85354477 0.38268343]",0.021676268,"[0.1250505  0.14640937 0.44623163 0.2030489  0.41562117 0.38767353
 0.61470686 0.54726806 0.4852157  0.70330152]",0.826277922,"[0.18276588 0.13723366 0.35440672 0.22007975 0.36682208 0.1470543
 0.39882114 0.23122628 0.23619876 0.26917844]",[17. 16. 21. 19. 20. 20. 21. 21. 16. 19.],[ 9. 12. 12. 13. 11. 12. 13.  9. 14. 12.],"[0.74437178 0.84661277 0.77702886 0.8695045  0.88872818 0.88630523
 0.81493339 0.79934624 0.73027479 0.70664993]","[1.76017945e-04 1.76017945e-04 4.59957055e-04 1.20192571e-03
 3.14078323e-03 8.20726210e-03 2.14466094e-02 5.60426911e-02
 1.46446609e-01 3.82683432e-01]","[0.49038607 0.49038606 0.5979261  0.70041464 0.8366908  0.96701824
 1.10996535 1.18985427 1.28280863 1.3869463 ]","[0.18361501 0.17581725 0.15075352 0.09997136 0.07866042 0.05787926
 0.04010756 0.03463474 0.01536213 0.16319874]",0.0005,0.0005,0.0005,0.004949749,0.004949749,0.004949749,tst,,,,,,,,,,,,
20,2,19,10,1,-,"[0.01547455 0.03548998 0.02327448 0.09936851 0.05362844 0.05312349
 0.29011113 0.15444057 0.85318469 0.38268343]",0.067489916,"[0.02263555 0.05098842 0.13320772 0.07154603 0.3838357  0.19172459
 0.20866603 0.21973773 0.22938383 1.3869463 ]",0.244601363,"[0.78597281 0.7859706  0.74428903 0.85901648 0.81164199 0.84699289
 0.65976235 0.79384654 0.87638355 0.70673904]",[21. 16. 16. 19. 18. 17. 20. 22. 21. 21.],[ 8. 14. 11. 12. 13. 12. 10.  9. 13.  8.],"[0.80533087 0.78651615 0.81238826 0.81452567 0.67308432 0.74294458
 0.82588369 0.63641414 0.87342486 0.70514618]","[1.76017945e-04 1.76017945e-04 4.59957055e-04 1.20192571e-03
 3.14078323e-03 8.20726210e-03 2.14466094e-02 5.60426911e-02
 1.46446609e-01 3.82683432e-01]","[0.49038607 0.49038606 0.5979261  0.70041464 0.8366908  0.96701824
 1.10996535 1.18985427 1.28280863 1.3869463 ]","[0.04956124 0.13821317 0.03116126 0.16781111 0.08752239 0.13982007
 0.16956928 0.02341913 0.01656271 0.17635965]",0.0005,0.000324121,0.000125628,0.003165829,0.003165829,0.003165829,tch,,,,,,,,,,,,
21,7,21,2,1,TRUE,[0. 4.],0.12593489,[0.64183227 3.50702623],0.969232198,[0.6167114  0.62747874],[16. 17.],[9. 9.],[0.1222257  0.11698203],[0.         2.30700437],[0.85940085 4.        ],[0.87402997 0.12597003],0.000452261,0.000123116,3.77E-05,0.004572864,0.004572864,0.004572864,tst,,,,,,,,,,,,
22,7,21,2,2,TRUE,[0. 4.],0.109726919,[0.85940085 2.30700437],0.889430515,[0.60201362 0.61160082],[18. 16.],[ 8. 14.],[0.60119742 0.87913107],[0.         2.30700437],[0.85940085 4.        ],[0.8900356 0.1099644],0.000258794,0.000100503,3.27E-05,0.004949749,0.002914573,0.001658291,tst,,,,,,,,,,,,
23,7,21,2,3,TRUE,[0. 4.],0.406148202,[0.63162653 3.57319433],0.999960499,[0.28282693 0.28048452],[22. 21.],[14. 14.],[0.3535785  0.34982047],[0.         2.30700437],[0.85940085 4.        ],[0.59385173 0.40614827],0.0005,0.0005,0.000203518,0.005,0.005,0.005,tst,,,,,,,,,,,,
24,7,21,2,4,TRUE,[0. 4.],0.352538501,[0.64882239 3.45978186],0.999872209,[0.31583708 0.10934483],[21. 17.],[ 9. 11.],[0.66873031 0.88516634],[0.         2.30700437],[0.85940085 4.        ],[0.64746139 0.35253861],0.000497487,0.000497487,9.05E-05,0.004974874,0.004974874,0.004974874,tst,,,,,,,,,,,,
25,7,21,2,1,-,[0.04059309 3.94425287],0.040185532,[0.85940085 2.30700437],0.850644953,[0.60201362 0.61160082],[18. 16.],[ 8. 14.],[0.60119742 0.87913107],[0.         2.30700437],[0.85940085 4.        ],[0.98981162 0.01018838],0.000474874,0.000474874,0.000474874,0.000452261,0.000452261,0.000452261,tch,,,,,,,,,,,,
26,7,29,10,1,TRUE,"[5.73628883e-02 3.89778560e-01 2.87576353e-01 1.70248878e-02
 2.19194075e-01 2.12843630e-01 5.85592706e-01 1.14194778e-01
 1.85432424e-01 4.03226998e+01]",0.001575034,"[0.85562511 0.85917397 0.93829695 0.83366339 0.87138448 0.85869686
 0.86779271 0.85254536 0.92187556 5.80268975]",0.804498386,"[0.68348574 0.83675069 0.87086096 0.68487915 0.81673219 0.62532041
 0.81231896 0.64292781 0.89884045 0.89670141]",[21. 19. 18. 19. 19. 17. 16. 20. 16. 17.],[ 8. 11. 14.  8. 13. 12. 13. 11. 14. 11.],"[0.11794815 0.15118754 0.19466929 0.19950015 0.25752551 0.24485392
 0.17008747 0.22092809 0.39145037 0.1301697 ]","[0.         0.         0.         0.         0.         0.
 0.         0.         0.         4.76309348]","[ 0.99999701  0.99999755  0.99999998  0.99999926  0.99999807  0.9999996
  0.99999999  0.99999998  0.99999999 97.34930104]","[0.18144399 0.01089811 0.18213736 0.17724583 0.07149989 0.07841262
 0.00555265 0.13287231 0.03295007 0.12698718]",0.0005,0.0005,0.0005,0.004949749,0.004949749,0.00298995,tst,,,,,,,,,,,,
27,7,29,10,2,TRUE,"[0.17387551  0.18905998  0.22667808  0.49400396  0.10369243  0.40567826
  0.07274394  0.07771332  0.04700025 43.82216595]",0.000746099,"[0.98078885  0.99952681  0.12319536  0.92548372  0.89793102  0.85877877
  0.9466544   0.85569844  0.85941572 11.30831554]",0.763793118,"[0.68622901 0.67556144 0.76319806 0.6548613  0.77656537 0.83603947
 0.80644937 0.72602615 0.76347213 0.7818419 ]",[19. 17. 16. 18. 17. 17. 16. 17. 20. 21.],[13. 13. 11. 12.  9. 10.  8.  8. 10. 12.],"[0.60861119 0.83730928 0.68384015 0.86922391 0.87000696 0.88416202
 0.67207634 0.72751511 0.85096504 0.88667262]","[0.         0.         0.         0.         0.         0.
 0.         0.         0.         4.76309348]","[ 0.99999701  0.99999755  0.99999998  0.99999926  0.99999807  0.9999996
  0.99999999  0.99999998  0.99999999 97.34930104]","[0.14138273 0.17226514 0.01820179 0.01903974 0.09102194 0.04866264
 0.19014235 0.18435157 0.05175825 0.08317386]",0.0005,0.0005,0.0005,0.004949749,0.004447236,0.001909548,tst,,,,,,,,,,,,
28,7,29,10,3,TRUE,"[5.88621127e-02 1.13185754e-01 1.14599778e-01 1.82999684e-01
 2.57791984e-02 1.52021572e-01 2.99661873e-04 7.65892311e-02
 6.02586413e-01 8.32622546e+01]",0.123809556,"[5.69044736e-01 8.16687560e-01 8.26651642e-01 8.39146638e-01
 6.03266368e-01 8.98530114e-01 6.49792630e-01 4.58868058e-01
 5.08483047e-03 3.30636042e+01]",0.992663084,"[0.1984499  0.13620669 0.28771258 0.32014242 0.14125697 0.39819242
 0.36205658 0.15149927 0.13240496 0.18660493]",[22. 20. 21. 21. 22. 17. 16. 17. 21. 21.],[13. 13. 12. 12. 14. 13.  9. 12. 11.  9.],"[0.24499897 0.12484338 0.32828373 0.36357709 0.16517535 0.31436342
 0.23247619 0.38179583 0.31788137 0.21346557]","[0.         0.         0.         0.         0.         0.
 0.         0.         0.         4.76309348]","[ 0.99999701  0.99999755  0.99999998  0.99999926  0.99999807  0.9999996
  0.99999999  0.99999998  0.99999999 97.34930104]","[0.19886494 0.04504528 0.13880785 0.06551876 0.22031487 0.22861211
 0.01213105 0.04365747 0.0061803  0.04086738]",0.000494975,0.000494975,0.000494975,0.004698492,0.004698492,0.001859296,tst,,,,,,,,,,,,
29,7,29,10,4,TRUE,"[4.52006918e-02 5.56931629e-02 2.63402504e-01 5.09225622e-02
 2.55537819e-03 2.35990865e-02 3.44857533e-02 2.09160401e-01
 4.83196826e-01 9.15365755e+01]",0.045961103,"[7.04671246e-01 8.58237090e-01 6.41113329e-01 5.67412553e-03
 4.29692258e-01 6.76696154e-01 1.69681410e-02 5.43524769e-01
 6.97867542e-01 6.16390999e+01]",0.984211699,"[0.29030401 0.3357706  0.27449867 0.23291037 0.10167481 0.29506242
 0.13515592 0.25071526 0.33547753 0.33549906]",[18. 20. 19. 17. 21. 19. 20. 19. 18. 19.],[13.  8. 13.  8. 12. 10.  8. 14.  9. 12.],"[0.78589799 0.63167443 0.70937125 0.72257943 0.77782803 0.77801722
 0.60867334 0.89898531 0.65883532 0.65767468]","[0.         0.         0.         0.         0.         0.
 0.         0.         0.         4.76309348]","[ 0.99999701  0.99999755  0.99999998  0.99999926  0.99999807  0.9999996
  0.99999999  0.99999998  0.99999999 97.34930104]","[0.26319827 0.09129698 0.01343497 0.0064966  0.20862926 0.15470176
 0.00740056 0.22571583 0.00791581 0.02120995]",0.0005,0.0005,0.0005,0.004798995,0.004798995,0.002663317,tst,,,,,,,,,,,,
30,7,29,10,1,-,"[0.19381651  0.45460017  0.04949786  0.31727311  0.79514478  0.02788645
  0.31543347  0.38619763  0.34540265 26.71197854]",0.05797715,"[3.39723542e-02 1.60805221e-01 3.93783179e-01 4.78893388e-02
 1.04165789e-01 1.43460753e-01 9.77303155e-01 8.30544833e-02
 1.18011293e-01 9.73493010e+01]",0.211292286,"[0.68622901 0.67556144 0.76319806 0.6548613  0.77656537 0.83603947
 0.80644937 0.72602615 0.76347213 0.7818419 ]",[19. 17. 16. 18. 17. 17. 16. 17. 20. 21.],[13. 13. 11. 12.  9. 10.  8.  8. 10. 12.],"[0.60861119 0.83730928 0.68384015 0.86922391 0.87000696 0.88416202
 0.67207634 0.72751511 0.85096504 0.88667262]","[0.         0.         0.         0.         0.         0.
 0.         0.         0.         4.76309348]","[ 0.99999701  0.99999755  0.99999998  0.99999926  0.99999807  0.9999996
  0.99999999  0.99999998  0.99999999 97.34930104]","[0.09091633 0.103876   0.10584681 0.10008772 0.01384352 0.1441761
 0.15793595 0.14276691 0.1383802  0.00217046]",0.0005,0.000228643,7.29E-05,0.001055276,0.000251256,7.54E-05,tch,,,,,,,,,,,,
31,1,8,4,1,TRUE,[0.05702498 0.16922372 0.07551329 0.1982393 ],0.356011435,[0.08931174 0.04395467 0.11265554 0.26360315],0.892835523,[0.35896266 0.12383095 0.26170746 0.39883961],[14. 19. 19. 16.],[12.  4.  3.  9.],[0.27515383 0.36715495 0.17454115 0.37617777],[0.0078125 0.0078125 0.03125   0.125    ],[0.2109375  0.2109375  0.28286149 0.39462598],[0.17098398 0.08324536 0.43861512 0.30715554],,,,,,,tst,,,,,,,,,,,,
32,1,8,4,2,TRUE,[0.06422874 0.13661529 0.08607848 0.21307821],0.004687958,[0.03620091 0.01970259 0.07639091 0.39462598],0.364316453,[0.62508    0.88673631 0.64059801 0.72360521],[15. 14. 14. 19.],[14. 12.  8.  8.],[0.63288197 0.63352055 0.80205453 0.85407811],[0.0078125 0.0078125 0.03125   0.125    ],[0.2109375  0.2109375  0.28286149 0.39462598],[0.28700494 0.06977261 0.27734267 0.36587978],,,,,,,tst,,,,,,,,,,,,
33,1,8,4,3,TRUE,[0.05504853 0.16446221 0.07322411 0.20727446],0.301949276,[0.10435248 0.05191774 0.08969511 0.25406283],0.875901346,[0.35164072 0.2006289  0.2226385  0.39487353],[20. 12. 11. 19.],[14.  8. 13. 12.],[0.31255152 0.31945445 0.12647595 0.34923834],[0.0078125 0.0078125 0.03125   0.125    ],[0.2109375  0.2109375  0.28286149 0.39462598],[0.29049162 0.10976423 0.31302399 0.28672016],,,,,,,tst,,,,,,,,,,,,
34,1,8,4,4,TRUE,[0.07349939 0.15426585 0.07649627 0.19578781],0.004709992,[0.03620091 0.01970259 0.07639091 0.39462598],0.378077599,[0.72802526 0.8867371  0.86583224 0.63042275],[13. 14. 22. 15.],[10. 11.  3. 12.],[0.70785767 0.83036404 0.89725565 0.72565108],[0.0078125 0.0078125 0.03125   0.125    ],[0.2109375  0.2109375  0.28286149 0.39462598],[0.22156091 0.043007   0.3582544  0.37717769],,,,,,,tst,,,,,,,,,,,,
35,1,8,4,1,-,[0.08093119 0.13433814 0.07202055 0.21271053],0.040459893,[0.02990216 0.06443409 0.28286149 0.1258953 ],0.158871499,[0.5 0.5 0.5 0.5],-,-,-,[0.0078125 0.0078125 0.03125   0.125    ],[0.2109375  0.2109375  0.28286149 0.39462598],[0.22860702 0.01952365 0.56165828 0.19021104],,,,,,,tch,,,,,,,,,,,,
36,2,13,4,1,TRUE,[0.13529903 0.05604269 0.35355339 0.92387953],0.32671737,[0.42062361 0.35679002 0.46851997 0.69509622],0.993618853,[0.29512171 0.19900275 0.28559598 0.226635  ],[19. 19. 16. 12.],[2. 5. 7. 8.],[0.10711339 0.11641039 0.30738596 0.33943507],[0.05604269 0.05604269 0.14644661 0.38268343],[0.78858051 0.78858051 0.85911583 0.94701633],[0.42843205 0.32785861 0.07105865 0.17265068],,,,,,,tst,,,,,,,,,,,,
37,2,13,4,2,TRUE,[0.0649744  0.15124165 0.39739826 0.90283058],0.025255222,[0.58600346 0.61942246 0.35328427 0.38553322],0.542836769,[0.62315832 0.66030749 0.65365132 0.87621907],[11. 15. 16. 15.],[2. 2. 6. 1.],[0.75423685 0.81362363 0.71207886 0.8309352 ],[0.05604269 0.05604269 0.14644661 0.38268343],[0.78858051 0.78858051 0.85911583 0.94701633],[0.31754197 0.46920099 0.15538405 0.057873  ],,,,,,,tst,,,,,,,,,,,,
38,2,13,4,3,TRUE,[0.05604269 0.13529903 0.35355339 0.92387953],0.414973967,[0.38935264 0.50106513 0.45837938 0.633905  ],0.998893201,[0.18728808 0.29342753 0.18156437 0.15460848],[22. 22. 21. 17.],[3. 2. 5. 1.],[0.1739472  0.28444934 0.34752058 0.1372112 ],[0.05604269 0.05604269 0.14644661 0.38268343],[0.78858051 0.78858051 0.85911583 0.94701633],[0.3379316  0.30220991 0.14040072 0.21945777],,,,,,,tst,,,,,,,,,,,,
39,2,13,4,4,TRUE,[0.06057053 0.14511528 0.37963256 0.91169175],0.021388207,[0.32664074 0.78858051 0.35355339 0.38268343],0.519267042,[0.62934104 0.79247955 0.67603571 0.89094803],[17. 17. 16. 14.],[3. 4. 1. 4.],[0.82081398 0.68690883 0.75979945 0.83542736],[0.05604269 0.05604269 0.14644661 0.38268343],[0.78858051 0.78858051 0.85911583 0.94701633],[0.33848828 0.50366198 0.11947423 0.03837552],,,,,,,tst,,,,,,,,,,,,
40,2,13,4,1,-,[0.1323466  0.1388648  0.45962874 0.86723021],0.056743751,[0.32664074 0.78858051 0.35355339 0.38268343],0.322234415,[0.5 0.5 0.5 0.5],-,-,-,[0.05604269 0.05604269 0.14644661 0.38268343],[0.78858051 0.78858051 0.85911583 0.94701633],[0.40785673 0.40862589 0.11852207 0.06499531],,,,,,,tch,,,,,,,,,,,,
41,7,23,4,1,TRUE,[1.97065506e-06 3.26521001e-05 3.30971459e-04 8.00185426e+00],0.148097986,[0.64239285 0.64159237 0.63171995 6.64214024],0.999328343,[0.22062584 0.21618635 0.20852742 0.21322312],[15. 15. 16. 10.],[10. 12. 10. 11.],[0.10301207 0.17584901 0.36152219 0.261321  ],[0.         0.         0.         2.92101345],[0.9720756  0.98823769 0.97918981 8.06444931],[0.20440632 0.46900521 0.17854211 0.14804637],,,,,,,tst,,,,,,,,,,,,
42,7,23,4,2,TRUE,[0.06145683 0.20888846 0.23716969 7.08320605],0.011137245,[0.76039265 0.         0.97918981 5.50692851],0.69912606,[0.63074032 0.85558993 0.8162585  0.83695917],[14. 16. 18. 17.],[ 6.  4. 12.  4.],[0.83739212 0.80954007 0.88861721 0.84999304],[0.         0.         0.         2.92101345],[0.9720756  0.98823769 0.97918981 8.06444931],[0.4463088  0.12786125 0.34290853 0.08292141],,,,,,,tst,,,,,,,,,,,,
43,7,23,4,3,TRUE,[7.63409850e-05 6.22063562e-04 1.63985814e-06 8.06444931e+00],0.326906893,[0.63061017 0.62960869 0.67364768 6.45507366],0.999224094,[0.27591572 0.20696166 0.12738942 0.37158399],[21. 16. 10. 21.],[ 2.  4.  7. 10.],[0.21103077 0.15060111 0.31025747 0.24492989],[0.         0.         0.         2.92101345],[0.9720756  0.98823769 0.97918981 8.06444931],[0.27351375 0.08507988 0.31467894 0.32672743],,,,,,,tst,,,,,,,,,,,,
44,7,23,4,4,TRUE,[0.01463435 0.23299516 0.26321986 7.14687489],0.022788207,[0.8661297  0.86405583 0.83906831 2.94317852],0.775860558,[0.74203044 0.68238213 0.67598242 0.78193394],[21. 18. 20. 20.],[ 2. 11. 13.  2.],[0.71932927 0.6189909  0.80107033 0.88328638],[0.         0.         0.         2.92101345],[0.9720756  0.98823769 0.97918981 8.06444931],[0.17932323 0.43644286 0.2018255  0.18240841],,,,,,,tst,,,,,,,,,,,,
45,7,23,4,1,-,[0.15250159 0.22620809 0.23216348 6.86402848],0.069907902,[0.9720756  0.         0.67943122 6.02439947],0.437131675,[0.5 0.5 0.5 0.5],-,-,-,[0.         0.         0.         2.92101345],[0.9720756  0.98823769 0.97918981 8.06444931],[0.44968897 0.26569138 0.27443498 0.01018468],,,,,,,tch,,,,,,,,,,,,
